{"model":{"version":2,"nodes":[{"name":"RootNode","position":[0,0,0],"rotation":[0,0,0],"scale":[1,1,1]},{"name":"Shdow_Plane","position":[0,0,0],"rotation":[0,0,0],"scale":[0.01,0.01,0.01]},{"name":"Shdow_Plane_B","position":[0,0,0],"rotation":[0,0,0],"scale":[1,1,1]}],"parents":[-1,0,1],"skins":[],"vertices":[{"position":{"type":"float32","components":3,"data":[0,-72.0442,342.448,0,-72.0442,-0.875521,-218.282,-72.0442,342.448,-218.282,-72.0442,-0.875521,218.282,-72.0442,342.448,218.282,-72.0442,-0.875521,0,-72.0442,-344.199,-218.282,-72.0442,-344.199,218.282,-72.0442,-344.199]},"normal":{"type":"float32","components":3,"data":[0,1,0,0,1,0,0,1,0,0,1,0,0,1,0,0,1,0,0,1,0,0,1,0,0,1,0]},"texCoord0":{"type":"float32","components":2,"data":[0.5091,0.00751403,0.5091,0.5,0.218407,0.00751409,0.218407,0.5,0.799794,0.00751397,0.799794,0.5,0.5091,0.992486,0.218407,0.992486,0.799794,0.992486]}}],"meshes":[{"aabb":{"min":[-218.282,-72.0442,-344.199],"max":[218.282,-72.0442,342.448]},"vertices":0,"indices":[0,1,2,2,1,3,4,5,0,0,5,1,6,3,1,3,6,7,8,1,5,1,8,6],"type":"triangles","base":0,"count":24}],"meshInstances":[{"node":2,"mesh":0}]}}